<?xml version="1.0" encoding="UTF-8"?>
<project-private xmlns="http://www.netbeans.org/ns/project-private/1">
    <editor-bookmarks xmlns="http://www.netbeans.org/ns/editor-bookmarks/2" lastBookmarkId="0"/>
    <open-files xmlns="http://www.netbeans.org/ns/projectui-open-files/2">
        <group>
            <file>file:/Users/alwinmathew/NetBeansProjects/DECaseStudy/src/decasestudy/MonthlyBill.java</file>
            <file>file:/Users/alwinmathew/NetBeansProjects/DECaseStudy/src/decasestudy/DECaseStudy.java</file>
            <file>file:/Users/alwinmathew/NetBeansProjects/DECaseStudy/src/decasestudy/DAOImplementation/CustomerDAOImplementation.java</file>
            <file>file:/Users/alwinmathew/NetBeansProjects/DECaseStudy/src/decasestudy/CountSum.java</file>
            <file>file:/Users/alwinmathew/NetBeansProjects/DECaseStudy/src/decasestudy/DAO/CustomerDAO.java</file>
            <file>file:/Users/alwinmathew/NetBeansProjects/DECaseStudy/src/decasestudy/DAOImplementation/TransactionDAOImplementation.java</file>
            <file>file:/Users/alwinmathew/NetBeansProjects/DECaseStudy/src/decasestudy/DAO/TransactionDAO.java</file>
            <file>file:/Users/alwinmathew/NetBeansProjects/DECaseStudy/src/decasestudy/Queries.java</file>
        </group>
    </open-files>
</project-private>
